{
  "formatVersion": 1,
  "database": {
    "version": 15,
    "identityHash": "cef458aaa1768437bd5b41cfe764df07",
    "entities": [
      {
        "tableName": "calendar_events",
        "createSql": "CREATE TABLE IF NOT EXISTS `${TABLE_NAME}` (`id` INTEGER PRIMARY KEY AUTOINCREMENT NOT NULL, `currentMonth` TEXT, `isAlarmOn` INTEGER NOT NULL, `pickedDate` TEXT, `eventsNumber` TEXT, `shiftNumber` TEXT)",
        "fields": [
          {
            "fieldPath": "id",
            "columnName": "id",
            "affinity": "INTEGER",
            "notNull": true
          },
          {
            "fieldPath": "currentMonth",
            "columnName": "currentMonth",
            "affinity": "TEXT",
            "notNull": false
          },
          {
            "fieldPath": "isAlarmOn",
            "columnName": "isAlarmOn",
            "affinity": "INTEGER",
            "notNull": true
          },
          {
            "fieldPath": "pickedDate",
            "columnName": "pickedDate",
            "affinity": "TEXT",
            "notNull": false
          },
          {
            "fieldPath": "eventsNumber",
            "columnName": "eventsNumber",
            "affinity": "TEXT",
            "notNull": false
          },
          {
            "fieldPath": "shiftNumber",
            "columnName": "shiftNumber",
            "affinity": "TEXT",
            "notNull": false
          }
        ],
        "primaryKey": {
          "columnNames": [
            "id"
          ],
          "autoGenerate": true
        },
        "indices": [],
        "foreignKeys": []
      },
      {
        "tableName": "colors",
        "createSql": "CREATE TABLE IF NOT EXISTS `${TABLE_NAME}` (`id` INTEGER PRIMARY KEY AUTOINCREMENT NOT NULL, `color_number` INTEGER NOT NULL)",
        "fields": [
          {
            "fieldPath": "id",
            "columnName": "id",
            "affinity": "INTEGER",
            "notNull": true
          },
          {
            "fieldPath": "color_number",
            "columnName": "color_number",
            "affinity": "INTEGER",
            "notNull": true
          }
        ],
        "primaryKey": {
          "columnNames": [
            "id"
          ],
          "autoGenerate": true
        },
        "indices": [],
        "foreignKeys": []
      },
      {
        "tableName": "shift",
        "createSql": "CREATE TABLE IF NOT EXISTS `${TABLE_NAME}` (`id` INTEGER PRIMARY KEY AUTOINCREMENT NOT NULL, `shift_name` TEXT, `schedule` TEXT, `alarm` TEXT, `shift_length` INTEGER NOT NULL, `position` INTEGER NOT NULL)",
        "fields": [
          {
            "fieldPath": "id",
            "columnName": "id",
            "affinity": "INTEGER",
            "notNull": true
          },
          {
            "fieldPath": "shift_name",
            "columnName": "shift_name",
            "affinity": "TEXT",
            "notNull": false
          },
          {
            "fieldPath": "schedule",
            "columnName": "schedule",
            "affinity": "TEXT",
            "notNull": false
          },
          {
            "fieldPath": "alarm",
            "columnName": "alarm",
            "affinity": "TEXT",
            "notNull": false
          },
          {
            "fieldPath": "shift_length",
            "columnName": "shift_length",
            "affinity": "INTEGER",
            "notNull": true
          },
          {
            "fieldPath": "position",
            "columnName": "position",
            "affinity": "INTEGER",
            "notNull": true
          }
        ],
        "primaryKey": {
          "columnNames": [
            "id"
          ],
          "autoGenerate": true
        },
        "indices": [
          {
            "name": "index_shift_shift_name",
            "unique": true,
            "columnNames": [
              "shift_name"
            ],
            "createSql": "CREATE UNIQUE INDEX IF NOT EXISTS `index_shift_shift_name` ON `${TABLE_NAME}` (`shift_name`)"
          }
        ],
        "foreignKeys": []
      },
      {
        "tableName": "periodData",
        "createSql": "CREATE TABLE IF NOT EXISTS `${TABLE_NAME}` (`id` INTEGER PRIMARY KEY AUTOINCREMENT NOT NULL, `periodSatrtDate` TEXT, `periodLength` INTEGER NOT NULL, `cycleLength` INTEGER NOT NULL)",
        "fields": [
          {
            "fieldPath": "id",
            "columnName": "id",
            "affinity": "INTEGER",
            "notNull": true
          },
          {
            "fieldPath": "periodStartDate",
            "columnName": "periodSatrtDate",
            "affinity": "TEXT",
            "notNull": false
          },
          {
            "fieldPath": "periodLength",
            "columnName": "periodLength",
            "affinity": "INTEGER",
            "notNull": true
          },
          {
            "fieldPath": "cycleLength",
            "columnName": "cycleLength",
            "affinity": "INTEGER",
            "notNull": true
          }
        ],
        "primaryKey": {
          "columnNames": [
            "id"
          ],
          "autoGenerate": true
        },
        "indices": [],
        "foreignKeys": []
      },
      {
        "tableName": "event",
        "createSql": "CREATE TABLE IF NOT EXISTS `${TABLE_NAME}` (`id` INTEGER PRIMARY KEY AUTOINCREMENT NOT NULL, `event_name` TEXT, `schedule` TEXT, `alarm` TEXT, `event_length` INTEGER NOT NULL, `position` TEXT, `picked_day` TEXT, `eventKind` INTEGER NOT NULL, `frequency` TEXT, `term` TEXT)",
        "fields": [
          {
            "fieldPath": "id",
            "columnName": "id",
            "affinity": "INTEGER",
            "notNull": true
          },
          {
            "fieldPath": "event_name",
            "columnName": "event_name",
            "affinity": "TEXT",
            "notNull": false
          },
          {
            "fieldPath": "schedule",
            "columnName": "schedule",
            "affinity": "TEXT",
            "notNull": false
          },
          {
            "fieldPath": "alarm",
            "columnName": "alarm",
            "affinity": "TEXT",
            "notNull": false
          },
          {
            "fieldPath": "event_length",
            "columnName": "event_length",
            "affinity": "INTEGER",
            "notNull": true
          },
          {
            "fieldPath": "position",
            "columnName": "position",
            "affinity": "TEXT",
            "notNull": false
          },
          {
            "fieldPath": "pickedDay",
            "columnName": "picked_day",
            "affinity": "TEXT",
            "notNull": false
          },
          {
            "fieldPath": "eventKind",
            "columnName": "eventKind",
            "affinity": "INTEGER",
            "notNull": true
          },
          {
            "fieldPath": "frequency",
            "columnName": "frequency",
            "affinity": "TEXT",
            "notNull": false
          },
          {
            "fieldPath": "term",
            "columnName": "term",
            "affinity": "TEXT",
            "notNull": false
          }
        ],
        "primaryKey": {
          "columnNames": [
            "id"
          ],
          "autoGenerate": true
        },
        "indices": [
          {
            "name": "index_event_event_name",
            "unique": false,
            "columnNames": [
              "event_name"
            ],
            "createSql": "CREATE INDEX IF NOT EXISTS `index_event_event_name` ON `${TABLE_NAME}` (`event_name`)"
          }
        ],
        "foreignKeys": []
      },
      {
        "tableName": "imagePath",
        "createSql": "CREATE TABLE IF NOT EXISTS `${TABLE_NAME}` (`id` INTEGER PRIMARY KEY AUTOINCREMENT NOT NULL, `imagePath` TEXT, `position` INTEGER NOT NULL)",
        "fields": [
          {
            "fieldPath": "id",
            "columnName": "id",
            "affinity": "INTEGER",
            "notNull": true
          },
          {
            "fieldPath": "imagePath",
            "columnName": "imagePath",
            "affinity": "TEXT",
            "notNull": false
          },
          {
            "fieldPath": "position",
            "columnName": "position",
            "affinity": "INTEGER",
            "notNull": true
          }
        ],
        "primaryKey": {
          "columnNames": [
            "id"
          ],
          "autoGenerate": true
        },
        "indices": [],
        "foreignKeys": []
      },
      {
        "tableName": "big_plan_data",
        "createSql": "CREATE TABLE IF NOT EXISTS `${TABLE_NAME}` (`position` INTEGER PRIMARY KEY AUTOINCREMENT NOT NULL, `aimIndex` TEXT, `aimTime` INTEGER NOT NULL, `aimContents` TEXT, `isChecked` INTEGER NOT NULL)",
        "fields": [
          {
            "fieldPath": "position",
            "columnName": "position",
            "affinity": "INTEGER",
            "notNull": true
          },
          {
            "fieldPath": "aimIndex",
            "columnName": "aimIndex",
            "affinity": "TEXT",
            "notNull": false
          },
          {
            "fieldPath": "aimTime",
            "columnName": "aimTime",
            "affinity": "INTEGER",
            "notNull": true
          },
          {
            "fieldPath": "aimContents",
            "columnName": "aimContents",
            "affinity": "TEXT",
            "notNull": false
          },
          {
            "fieldPath": "isChecked",
            "columnName": "isChecked",
            "affinity": "INTEGER",
            "notNull": true
          }
        ],
        "primaryKey": {
          "columnNames": [
            "position"
          ],
          "autoGenerate": true
        },
        "indices": [],
        "foreignKeys": []
      }
    ],
    "views": [],
    "setupQueries": [
      "CREATE TABLE IF NOT EXISTS room_master_table (id INTEGER PRIMARY KEY,identity_hash TEXT)",
      "INSERT OR REPLACE INTO room_master_table (id,identity_hash) VALUES(42, 'cef458aaa1768437bd5b41cfe764df07')"
    ]
  }
}