{
  "formatVersion": 1,
  "database": {
    "version": 1,
    "identityHash": "ede55f00337a0c16bf45ae140a5ccc17",
    "entities": [
      {
        "tableName": "shift",
        "createSql": "CREATE TABLE IF NOT EXISTS `${TABLE_NAME}` (`id` INTEGER PRIMARY KEY AUTOINCREMENT NOT NULL, `shift_name` TEXT, `schedule` TEXT, `alarm` TEXT, `shift_length` INTEGER NOT NULL, `order` INTEGER NOT NULL)",
        "fields": [
          {
            "fieldPath": "id",
            "columnName": "id",
            "affinity": "INTEGER",
            "notNull": true
          },
          {
            "fieldPath": "shift_name",
            "columnName": "shift_name",
            "affinity": "TEXT",
            "notNull": false
          },
          {
            "fieldPath": "schedule",
            "columnName": "schedule",
            "affinity": "TEXT",
            "notNull": false
          },
          {
            "fieldPath": "alarm",
            "columnName": "alarm",
            "affinity": "TEXT",
            "notNull": false
          },
          {
            "fieldPath": "shift_length",
            "columnName": "shift_length",
            "affinity": "INTEGER",
            "notNull": true
          },
          {
            "fieldPath": "order",
            "columnName": "order",
            "affinity": "INTEGER",
            "notNull": true
          }
        ],
        "primaryKey": {
          "columnNames": [
            "id"
          ],
          "autoGenerate": true
        },
        "indices": [
          {
            "name": "index_shift_shift_name",
            "unique": true,
            "columnNames": [
              "shift_name"
            ],
            "createSql": "CREATE UNIQUE INDEX IF NOT EXISTS `index_shift_shift_name` ON `${TABLE_NAME}` (`shift_name`)"
          }
        ],
        "foreignKeys": []
      }
    ],
    "views": [],
    "setupQueries": [
      "CREATE TABLE IF NOT EXISTS room_master_table (id INTEGER PRIMARY KEY,identity_hash TEXT)",
      "INSERT OR REPLACE INTO room_master_table (id,identity_hash) VALUES(42, 'ede55f00337a0c16bf45ae140a5ccc17')"
    ]
  }
}